"id","user_id","matches","potential_matches","last_matched_at"
"921","1074",0,10,NULL
"898","1512",0,8,NULL
"177","1511",0,562,NULL
"372","1680",3,606,"2019-06-27 19:25:00.437463"
"700","1335",2,577,"2019-06-27 19:25:38.383421"
"922","1208",0,10,NULL
"913","705",0,10,NULL
"923","990",0,8,NULL
"749","1008",0,576,NULL
"97","1062",0,577,NULL
"162","1500",0,576,NULL
"846","1521",0,577,NULL
"337","1264",0,576,NULL
"333","1248",0,576,NULL
"904","838",0,8,NULL
"1","553",0,8,NULL
"553","1509",0,577,NULL
"226","805",0,502,NULL
"718","1382",2,577,"2019-06-27 19:00:40.510126"
"139","849",0,576,NULL
"92","1674",0,578,NULL
"196","961",0,577,NULL
"786","1225",1,576,"2019-06-27 19:09:16.79652"
"931","1263",0,10,NULL
"299","978",1,576,"2019-06-27 18:09:09.514528"
"929","947",0,8,NULL
"112","1554",0,577,NULL
"554","1081",1,576,"2019-06-27 18:06:00.213839"
"926","893",0,10,NULL
"191","830",0,576,NULL
"287","883",0,576,NULL
"910","1021",0,10,NULL
"905","1193",0,9,NULL
"145","1274",0,576,NULL
"373","1065",0,576,NULL
"936","1139",0,10,NULL
"164","824",0,576,NULL
"160","1197",0,576,NULL
"927","1289",0,10,NULL
"128","785",0,576,NULL
"659","1256",0,576,NULL
"234","1298",0,576,NULL
"218","1246",0,546,NULL
"280","771",2,569,"2019-06-27 18:35:59.190544"
"807","1453",3,576,"2019-06-27 19:31:09.918545"
"198","799",0,561,NULL
"899","1156",0,10,NULL
"897","1443",0,10,NULL
"228","1115",0,576,NULL
"88","918",0,577,NULL
"915","729",0,10,NULL
"920","1427",0,10,NULL
"831","1060",0,576,NULL
"392","770",0,576,NULL
"906","1372",0,9,NULL
"93","1088",0,577,NULL
"86","1530",0,578,NULL
"223","1477",1,577,"2019-06-27 18:40:31.616683"
"911","1579",0,10,NULL
"107","1401",0,578,NULL
"908","1656",0,9,NULL
"102","1572",0,578,NULL
"200","861",0,522,NULL
"916","1582",0,8,NULL
"268","1619",1,577,"2019-06-27 19:08:19.657857"
"183","1555",0,577,NULL
"208","1612",0,557,NULL
"328","1414",0,577,NULL
"230","1033",2,577,"2019-06-27 18:25:15.084664"
"901","1250",0,9,NULL
"924","882",0,10,NULL
"937","1485",0,10,NULL
"236","1386",1,558,"2019-06-27 19:33:04.785148"
"369","1623",2,606,"2019-06-27 19:32:10.162335"
"900","1066",0,9,NULL
"210","865",0,576,NULL
"314","1348",0,577,NULL
"203","1090",0,576,NULL
"919","1621",0,10,NULL
"187","992",0,576,NULL
"925","1280",0,10,NULL
"206","856",0,521,NULL
"918","943",0,10,NULL
"227","1344",1,578,"2019-06-27 19:21:40.368596"
"132","1537",0,578,NULL
"907","1567",0,10,NULL
"934","910",0,10,NULL
"932","1396",1,11,"2019-06-27 18:29:45.814666"
"909","1183",0,9,NULL
"117","1399",0,578,NULL
"914","1682",0,10,NULL
"108","1552",0,578,NULL
"87","936",0,577,NULL
"930","1240",0,10,NULL
"912","1017",0,9,NULL
"167","998",1,576,"2019-06-27 19:34:01.385041"
"933","1053",0,10,NULL
"935","1403",0,10,NULL
"140","1646",0,578,NULL
"168","1693",2,578,"2019-06-27 18:25:15.084664"
"472","789",0,605,NULL
"216","1475",0,576,NULL
"481","1237",1,576,"2019-06-27 19:41:46.759285"
"192","1410",1,577,"2019-06-27 18:19:16.162767"
"836","1563",0,577,NULL
"382","897",0,576,NULL
"178","1692",0,577,NULL
"110","1003",0,576,NULL
"928","1258",0,8,NULL
"251","730",0,576,NULL
"169","1154",0,576,NULL
"917","1583",0,10,NULL
"673","1409",0,577,NULL
"175","1188",0,576,NULL
"155","1173",0,576,NULL
"902","1439",0,10,NULL
"201","754",0,555,NULL
"903","1502",0,9,NULL
"715","1470",3,576,"2019-06-27 19:05:56.398552"
"732","1667",0,577,NULL
"657","1684",2,577,"2019-06-27 18:50:32.776348"
"819","1186",2,576,"2019-06-27 19:26:07.937454"
"705","1540",0,577,NULL
"636","839",0,576,NULL
"567","1285",9,576,"2019-06-27 19:47:23.193454"
"356","1516",0,577,NULL
"240","736",0,576,NULL
"817","892",14,576,"2019-06-27 19:28:19.159141"
"246","1384",0,577,NULL
"211","1079",0,605,NULL
"127","952",0,577,NULL
"278","848",1,576,"2019-06-27 19:34:15.13837"
"294","963",0,576,NULL
"319","949",0,561,NULL
"115","1270",0,576,NULL
"271","1191",1,576,"2019-06-27 18:00:23.403603"
"632","923",5,534,"2019-06-27 19:34:56.576182"
"186","776",1,576,"2019-06-27 18:53:17.350201"
"879","1314",2,576,"2019-06-27 19:21:54.55701"
"818","1395",2,577,"2019-06-27 19:41:34.09812"
"260","1653",0,577,NULL
"295","1042",1,576,"2019-06-27 18:29:02.771633"
"269","1080",0,576,NULL
"360","1120",0,576,NULL
"366","1378",0,577,NULL
"344","1454",0,576,NULL
"322","986",7,576,"2019-06-27 19:15:43.622352"
"257","820",0,557,NULL
"365","1588",0,577,NULL
"370","1199",0,576,NULL
"113","1484",0,577,NULL
"276","1482",1,576,"2019-06-27 18:03:45.026281"
"123","1644",1,577,"2019-06-27 18:10:13.193521"
"131","1614",0,578,NULL
"793","993",6,576,"2019-06-27 19:26:25.814228"
"148","1666",0,577,NULL
"390","875",0,559,NULL
"277","1111",0,576,NULL
"266","1638",0,577,NULL
"172","1135",0,576,NULL
"114","1524",0,578,NULL
"241","843",5,576,"2019-06-27 19:44:07.559542"
"253","1426",0,494,NULL
"166","1665",0,577,NULL
"327","1287",0,576,NULL
"798","999",1,576,"2019-06-27 18:54:18.347099"
"309","1630",2,549,"2019-06-27 19:38:30.184598"
"111","714",0,577,NULL
"129","1077",0,576,NULL
"179","1590",0,577,NULL
"338","1559",0,560,NULL
"320","772",0,576,NULL
"845","1441",5,576,"2019-06-27 19:43:30.090194"
"90","934",0,577,NULL
"252","1275",0,561,NULL
"146","832",0,576,NULL
"302","1326",3,577,"2019-06-27 19:39:43.165996"
"308","1295",0,576,NULL
"540","1505",0,559,NULL
"134","1472",0,576,NULL
"142","821",1,576,"2019-06-27 19:19:34.0093"
"291","1073",0,576,NULL
"301","935",3,576,"2019-06-27 18:53:46.506591"
"96","1157",1,577,"2019-06-27 18:45:29.269167"
"157","809",0,576,NULL
"262","1391",0,545,NULL
"275","1253",1,576,"2019-06-27 18:47:15.404605"
"325","1471",2,576,"2019-06-27 19:04:44.443729"
"279","1236",0,576,NULL
"312","1171",1,577,"2019-06-27 18:22:22.913895"
"237","755",0,576,NULL
"265","1067",0,576,NULL
"331","941",3,576,"2019-06-27 19:43:43.564038"
"347","1416",0,560,NULL
"122","808",1,576,"2019-06-27 19:27:24.326857"
"126","1013",0,576,NULL
"254","1479",0,576,NULL
"381","1464",0,547,NULL
"130","1603",0,578,NULL
"184","831",0,576,NULL
"171","715",0,576,NULL
"103","1584",0,577,NULL
"199","1573",0,577,NULL
"282","1069",0,577,NULL
"121","983",1,577,"2019-06-27 19:00:40.510126"
"235","721",0,576,NULL
"189","1020",0,577,NULL
"283","1217",0,576,NULL
"182","973",0,577,NULL
"361","1029",0,576,NULL
"485","724",0,576,NULL
"109","1456",0,577,NULL
"315","1631",0,577,NULL
"587","1262",0,545,NULL
"143","1213",2,577,"2019-06-27 18:49:50.804308"
"120","1261",0,605,NULL
"598","1542",0,577,NULL
"232","780",0,576,NULL
"135","1329",0,577,NULL
"245","1016",0,576,NULL
"239","1558",0,578,NULL
"380","1526",0,577,NULL
"297","840",1,559,"2019-06-27 18:19:49.79447"
"379","922",0,576,NULL
"261","1437",1,576,"2019-06-27 18:43:29.470129"
"220","1323",1,577,"2019-06-27 19:36:40.483153"
"386","915",1,576,"2019-06-27 18:34:37.98566"
"292","812",0,576,NULL
"387","1550",0,577,NULL
"391","1001",0,576,NULL
"433","1613",0,535,NULL
"249","1058",5,576,"2019-06-27 19:24:33.933491"
"505","1429",0,576,NULL
"255","1629",1,562,"2019-06-27 19:24:25.15488"
"316","1159",0,576,NULL
"303","1025",0,576,NULL
"799","1102",0,576,NULL
"393","1278",0,576,NULL
"647","1219",2,559,"2019-06-27 19:18:51.654824"
"720","1586",4,577,"2019-06-27 19:38:18.217616"
"746","1387",4,577,"2019-06-27 19:42:37.370455"
"642","1346",5,577,"2019-06-27 19:14:33.431993"
"832","1356",3,560,"2019-06-27 19:32:49.190092"
"459","1424",0,577,NULL
"672","886",1,576,"2019-06-27 18:08:28.067679"
"466","927",0,576,NULL
"359","1336",0,561,NULL
"426","1005",0,576,NULL
"454","1086",0,576,NULL
"215","1679",2,577,"2019-06-27 18:49:50.804308"
"581","1695",0,577,NULL
"420","1650",0,577,NULL
"462","889",0,576,NULL
"741","802",9,576,"2019-06-27 19:45:03.693902"
"745","746",8,576,"2019-06-27 19:31:45.616287"
"510","970",0,576,NULL
"509","767",0,576,NULL
"395","1131",3,554,"2019-06-27 19:20:01.828106"
"896","711",0,576,NULL
"446","766",7,576,"2019-06-27 19:43:43.564038"
"402","1212",0,552,NULL
"463","697",2,561,"2019-06-27 19:00:02.286167"
"204","1651",0,538,NULL
"439","806",1,576,"2019-06-27 19:35:57.802592"
"377","1655",0,577,NULL
"499","1604",0,577,NULL
"405","1465",0,576,NULL
"467","1616",2,577,"2019-06-27 19:42:11.720596"
"483","1602",2,577,"2019-06-27 18:17:39.517209"
"399","826",0,576,NULL
"496","1528",0,577,NULL
"733","726",0,576,NULL
"539","1412",1,577,"2019-06-27 18:22:02.860839"
"538","1147",1,576,"2019-06-27 18:22:12.921268"
"470","1599",1,577,"2019-06-27 18:30:11.834711"
"159","783",0,576,NULL
"401","876",0,558,NULL
"508","1292",0,576,NULL
"506","1589",2,577,"2019-06-27 19:21:02.441668"
"491","1125",0,576,NULL
"565","1026",4,534,"2019-06-27 19:00:02.286167"
"400","1498",0,576,NULL
"779","988",3,576,"2019-06-27 19:44:32.862746"
"397","1492",3,576,"2019-06-27 19:41:06.395062"
"414","1377",15,577,"2019-06-27 19:45:29.490913"
"536","1560",0,577,NULL
"487","1015",1,576,"2019-06-27 18:16:06.974885"
"501","1096",0,536,NULL
"436","1269",0,576,NULL
"478","701",0,576,NULL
"527","1413",9,577,"2019-06-27 19:41:21.06834"
"497","1694",0,577,NULL
"514","931",1,560,"2019-06-27 18:58:40.071034"
"452","712",0,576,NULL
"479","1353",1,535,"2019-06-27 18:27:29.939324"
"248","1350",0,577,NULL
"417","828",0,576,NULL
"530","1149",0,576,NULL
"422","1556",0,561,NULL
"259","1678",2,606,"2019-06-27 19:09:56.150279"
"449","1418",0,577,NULL
"469","1087",0,576,NULL
"525","1057",0,576,NULL
"165","1150",2,576,"2019-06-27 19:45:29.490913"
"445","1461",4,583,"2019-06-27 19:26:37.528833"
"440","1182",3,570,"2019-06-27 19:25:21.311487"
"158","1445",1,576,"2019-06-27 19:19:34.0093"
"409","1388",1,560,"2019-06-27 19:40:27.93516"
"150","807",0,576,NULL
"594","1458",1,559,"2019-06-27 18:18:11.093965"
"410","919",0,560,NULL
"404","1525",0,562,NULL
"156","1532",0,577,NULL
"492","735",1,559,"2019-06-27 19:21:15.838882"
"524","752",1,559,"2019-06-27 19:32:41.018142"
"535","1004",0,576,NULL
"518","877",0,576,NULL
"475","891",1,533,"2019-06-27 18:24:23.814931"
"264","1430",0,576,NULL
"465","1012",1,576,"2019-06-27 19:23:32.674776"
"336","1030",0,576,NULL
"680","1457",0,576,NULL
"855","835",12,576,"2019-06-27 19:37:11.214076"
"519","1210",0,576,NULL
"419","853",1,548,"2019-06-27 19:16:31.645466"
"457","1627",0,577,NULL
"424","757",1,576,"2019-06-27 19:35:36.768607"
"438","1059",0,576,NULL
"620","929",0,576,NULL
"493","1104",0,576,NULL
"267","959",1,512,"2019-06-27 18:30:48.58776"
"384","769",0,546,NULL
"891","1128",1,576,"2019-06-27 19:48:06.511966"
"738","841",11,561,"2019-06-27 19:38:30.184598"
"423","1440",0,576,NULL
"317","1593",0,577,NULL
"408","896",0,576,NULL
"403","953",2,576,"2019-06-27 18:39:13.445852"
"411","957",0,576,NULL
"543","1052",1,559,"2019-06-27 18:04:26.143808"
"430","1581",1,577,"2019-06-27 18:56:23.406082"
"334","1134",0,559,NULL
"490","1267",0,539,NULL
"528","1282",3,576,"2019-06-27 19:38:07.421427"
"418","1180",0,576,NULL
"507","1002",0,576,NULL
"557","1411",0,577,NULL
"552","950",0,576,NULL
"634","718",6,576,"2019-06-27 19:47:54.366571"
"676","1598",6,577,"2019-06-27 19:25:13.240354"
"668","1468",0,521,NULL
"318","1023",0,546,NULL
"602","1132",1,576,"2019-06-27 18:00:11.099119"
"559","1195",1,547,"2019-06-27 18:43:59.937755"
"375","745",0,542,NULL
"658","1381",4,577,"2019-06-27 19:40:39.902479"
"693","1209",0,576,NULL
"613","1421",0,560,NULL
"656","898",1,576,"2019-06-27 18:36:59.894474"
"609","734",0,576,NULL
"621","902",1,576,"2019-06-27 19:43:30.090194"
"551","1595",2,560,"2019-06-27 19:35:23.321529"
"284","1031",2,558,"2019-06-27 18:24:40.730839"
"229","788",0,561,NULL
"603","1328",2,577,"2019-06-27 19:07:35.117574"
"561","1164",1,576,"2019-06-27 19:27:33.25777"
"663","1051",0,576,NULL
"633","1019",3,576,"2019-06-27 19:29:44.437724"
"637","1260",5,576,"2019-06-27 19:26:16.618494"
"651","1018",2,576,"2019-06-27 19:47:43.932275"
"596","823",0,576,NULL
"618","1634",0,577,NULL
"607","870",1,576,"2019-06-27 18:10:13.193521"
"599","1235",2,576,"2019-06-27 19:27:42.569125"
"238","796",0,577,NULL
"698","765",0,576,NULL
"574","975",0,576,NULL
"695","1194",0,547,NULL
"629","1112",0,576,NULL
"244","1566",0,578,NULL
"98","1160",0,577,NULL
"610","713",1,571,"2019-06-27 19:11:05.14151"
"689","1229",0,576,NULL
"697","884",0,576,NULL
"606","1146",2,576,"2019-06-27 18:30:11.834711"
"591","1338",0,577,NULL
"584","1332",0,577,NULL
"578","995",0,576,NULL
"639","1000",0,576,NULL
"616","1417",0,577,NULL
"364","1040",1,533,"2019-06-27 19:24:42.802088"
"601","1126",1,576,"2019-06-27 19:28:49.077334"
"674","1238",0,576,NULL
"641","1337",0,577,NULL
"503","916",0,576,NULL
"623","759",1,559,"2019-06-27 18:28:23.679438"
"563","1151",0,576,NULL
"560","1690",0,577,NULL
"692","984",0,559,NULL
"615","1176",1,576,"2019-06-27 18:58:49.852912"
"579","1408",1,577,"2019-06-27 18:20:09.147754"
"643","1474",5,576,"2019-06-27 19:44:19.849508"
"667","863",0,576,NULL
"566","1103",0,576,NULL
"611","818",0,576,NULL
"570","720",1,561,"2019-06-27 19:23:11.089882"
"593","1577",0,577,NULL
"686","1172",0,576,NULL
"688","1463",0,576,NULL
"683","1054",0,576,NULL
"612","1448",0,576,NULL
"614","859",8,576,"2019-06-27 19:48:30.858298"
"661","1307",0,559,NULL
"653","813",0,547,NULL
"619","1168",0,576,NULL
"685","1089",2,576,"2019-06-27 18:48:21.744428"
"630","1360",0,577,NULL
"677","1170",1,576,"2019-06-27 18:13:06.630251"
"583","751",1,559,"2019-06-27 19:35:23.321529"
"340","911",0,576,NULL
"699","1543",0,577,NULL
"564","1531",1,577,"2019-06-27 18:20:39.08971"
"644","869",6,542,"2019-06-27 19:37:35.910526"
"655","708",0,576,NULL
"670","913",4,576,"2019-06-27 19:07:56.515835"
"696","1611",0,577,NULL
"628","1133",0,576,NULL
"645","1605",1,577,"2019-06-27 18:02:53.519923"
"678","954",1,576,"2019-06-27 18:58:05.516473"
"585","702",4,576,"2019-06-27 19:05:31.733496"
"703","817",2,576,"2019-06-27 19:03:48.268961"
"589","1310",0,576,NULL
"654","1469",0,576,NULL
"576","1166",0,576,NULL
"679","740",0,576,NULL
"649","744",0,576,NULL
"558","1373",0,577,NULL
"706","779",1,576,"2019-06-27 19:07:45.236202"
"600","948",3,576,"2019-06-27 19:28:04.362088"
"577","1045",0,576,NULL
"704","750",4,576,"2019-06-27 19:30:48.041496"
"650","758",0,576,NULL
"778","847",2,576,"2019-06-27 19:28:58.830424"
"195","1452",0,544,NULL
"288","1488",0,576,NULL
"751","1486",1,576,"2019-06-27 18:34:15.544338"
"723","1361",3,535,"2019-06-27 19:19:04.770473"
"752","858",0,576,NULL
"711","1371",0,577,NULL
"841","1327",0,577,NULL
"721","756",4,576,"2019-06-27 19:03:01.667484"
"796","1277",0,576,NULL
"756","942",0,576,NULL
"750","1299",0,576,NULL
"806","1594",2,577,"2019-06-27 19:14:16.876675"
"783","1106",0,576,NULL
"731","1076",2,576,"2019-06-27 19:39:03.010389"
"835","1363",2,577,"2019-06-27 19:32:26.196591"
"788","1092",0,576,NULL
"771","1185",0,576,NULL
"776","1232",1,576,"2019-06-27 18:51:57.109589"
"724","797",3,576,"2019-06-27 19:34:15.13837"
"765","1609",0,577,NULL
"743","1534",0,577,NULL
"774","1460",0,576,NULL
"744","1044",2,576,"2019-06-27 19:28:39.362678"
"590","1162",1,547,"2019-06-27 19:14:45.675173"
"729","1294",0,576,NULL
"790","795",3,576,"2019-06-27 19:25:50.73031"
"769","733",2,576,"2019-06-27 19:47:43.932275"
"857","1564",0,560,NULL
"851","1562",0,577,NULL
"809","800",1,576,"2019-06-27 19:47:23.193454"
"767","850",0,576,NULL
"826","1035",2,576,"2019-06-27 19:03:57.891289"
"716","811",4,541,"2019-06-27 18:59:16.389727"
"812","854",4,548,"2019-06-27 19:46:54.174558"
"805","1392",0,577,NULL
"759","1249",0,576,NULL
"822","1050",2,576,"2019-06-27 18:56:23.406082"
"837","1347",4,529,"2019-06-27 19:11:05.14151"
"775","1553",0,577,NULL
"712","1480",1,576,"2019-06-27 18:56:55.387191"
"713","1483",24,576,"2019-06-27 19:47:54.366571"
"791","1415",3,553,"2019-06-27 18:39:02.306852"
"730","1224",0,576,NULL
"843","871",3,576,"2019-06-27 19:28:39.362678"
"785","1379",0,577,NULL
"863","1118",1,576,"2019-06-27 19:27:42.569125"
"782","991",9,576,"2019-06-27 19:23:11.089882"
"823","1200",1,576,"2019-06-27 19:18:23.918269"
"859","1192",8,576,"2019-06-27 19:45:44.240329"
"861","1255",3,576,"2019-06-27 19:04:16.21374"
"824","933",0,576,NULL
"828","1190",1,576,"2019-06-27 18:17:15.132773"
"833","791",0,576,NULL
"737","901",3,576,"2019-06-27 19:27:24.326857"
"780","1130",2,526,"2019-06-27 19:15:55.90742"
"862","1687",2,577,"2019-06-27 19:47:33.003376"
"777","1174",0,576,NULL
"816","944",0,576,NULL
"754","1244",0,576,NULL
"763","1366",0,577,NULL
"844","1105",15,605,"2019-06-27 19:43:09.362789"
"761","1527",0,577,NULL
"839","1296",0,576,NULL
"827","1645",3,560,"2019-06-27 19:42:50.935314"
"810","1010",0,534,NULL
"709","1119",1,576,"2019-06-27 19:18:51.654824"
"860","1383",1,577,"2019-06-27 18:02:06.465943"
"736","742",1,576,"2019-06-27 19:22:14.483001"
"808","917",1,576,"2019-06-27 19:05:12.451525"
"854","1037",1,576,"2019-06-27 19:18:06.300731"
"864","1688",0,577,NULL
"378","965",0,576,NULL
"802","1137",4,576,"2019-06-27 19:08:54.838547"
"849","1333",1,577,"2019-06-27 18:02:53.519923"
"734","1247",1,576,"2019-06-27 19:31:36.108038"
"813","1163",8,576,"2019-06-27 19:43:56.255478"
"719","1390",0,535,NULL
"772","1404",0,577,NULL
"829","1349",3,577,"2019-06-27 19:43:17.696852"
"804","904",2,576,"2019-06-27 19:35:36.768607"
"197","1615",0,562,NULL
"893","844",6,576,"2019-06-27 19:16:59.480281"
"388","1389",1,560,"2019-06-27 19:44:19.849508"
"885","874",12,576,"2019-06-27 19:40:39.902479"
"858","1400",1,577,"2019-06-27 18:12:47.392956"
"363","1341",1,577,"2019-06-27 18:12:57.743851"
"882","1257",15,576,"2019-06-27 19:47:12.837788"
"349","1304",0,576,NULL
"174","1423",1,577,"2019-06-27 19:10:36.147742"
"605","1446",2,576,"2019-06-27 18:21:52.876371"
"544","1478",1,576,"2019-06-27 18:32:17.105242"
"580","1075",10,576,"2019-06-27 19:23:42.379681"
"502","1094",0,556,NULL
"880","1635",5,577,"2019-06-27 19:45:03.693902"
"878","940",15,576,"2019-06-27 19:47:03.267644"
"304","1481",0,576,NULL
"884","1451",4,576,"2019-06-27 19:17:10.883745"
"889","1201",1,576,"2019-06-27 19:37:11.214076"
"546","1541",4,577,"2019-06-27 19:33:46.568423"
"332","1367",0,577,NULL
"883","1618",24,577,"2019-06-27 19:39:52.280088"
"353","1290",8,576,"2019-06-27 19:41:06.395062"
"190","1268",0,576,NULL
"888","833",28,559,"2019-06-27 19:48:40.322315"
"173","1647",0,577,NULL
"180","1306",0,577,NULL
"516","1136",1,559,"2019-06-27 18:37:21.595799"
"91","1123",0,577,NULL
"766","768",3,576,"2019-06-27 19:42:11.720596"
"504","743",0,576,NULL
"597","763",0,576,NULL
"717","1520",0,577,NULL
"739","1143",0,576,NULL
"533","1376",0,577,NULL
"562","1014",1,576,"2019-06-27 18:42:04.654394"
"549","860",2,576,"2019-06-27 19:16:12.938844"
"351","1394",4,606,"2019-06-27 19:32:10.162335"
"865","827",4,576,"2019-06-27 19:38:18.217616"
"453","810",0,576,NULL
"471","761",0,576,NULL
"646","872",0,576,NULL
"801","1510",0,577,NULL
"821","1425",0,577,NULL
"895","1628",19,577,"2019-06-27 19:40:03.271463"
"871","1265",5,576,"2019-06-27 19:37:54.087824"
"345","1179",2,576,"2019-06-27 19:03:29.392008"
"856","1276",6,539,"2019-06-27 19:46:54.174558"
"285","1547",0,577,NULL
"648","1215",0,576,NULL
"852","834",5,576,"2019-06-27 19:07:45.236202"
"868","1551",0,577,NULL
"875","1357",6,577,"2019-06-27 19:27:16.356572"
"874","1686",0,577,NULL
"881","1320",0,576,NULL
"326","926",0,576,NULL
"515","777",0,559,NULL
"890","1022",1,576,"2019-06-27 18:08:48.843332"
"757","1499",1,576,"2019-06-27 19:11:39.990019"
"690","1450",1,576,"2019-06-27 18:09:48.568368"
"214","1675",0,535,NULL
"848","706",0,576,NULL
"638","951",1,576,"2019-06-27 19:09:56.150279"
"797","1049",2,576,"2019-06-27 19:22:52.719606"
"662","878",0,576,NULL
"427","1432",0,576,NULL
"892","782",1,576,"2019-06-27 18:29:20.79453"
"873","703",12,576,"2019-06-27 19:42:00.350608"
"631","1266",0,559,NULL
"456","719",11,576,"2019-06-27 19:48:19.436448"
"202","815",0,526,NULL
"219","836",0,576,NULL
"758","1048",2,576,"2019-06-27 19:46:33.499979"
"635","1242",0,576,NULL
"258","1325",0,556,NULL
"768","1127",0,576,NULL
"728","1544",1,524,"2019-06-27 19:40:52.813847"
"532","921",0,576,NULL
"250","851",0,576,NULL
"407","1490",0,557,NULL
"358","1345",0,535,NULL
"367","1643",0,558,NULL
"473","1041",0,576,NULL
"321","1220",0,559,NULL
"431","907",0,557,NULL
"691","1070",0,576,NULL
"684","1677",0,577,NULL
"555","738",1,576,"2019-06-27 18:44:09.206029"
"296","1205",0,515,NULL
"289","1259",0,561,NULL
"396","1178",2,533,"2019-06-27 19:20:01.828106"
"335","1138",0,576,NULL
"416","1459",0,576,NULL
"687","1649",0,577,NULL
"494","1587",0,548,NULL
"825","1302",0,576,NULL
"474","1375",0,500,NULL
"708","962",0,487,NULL
"368","1571",0,577,NULL
"682","1574",0,577,NULL
"300","964",0,509,NULL
"437","1660",0,577,NULL
"415","1286",0,513,NULL
"627","1352",0,577,NULL
"385","1175",1,561,"2019-06-27 19:07:16.169508"
"329","1624",2,546,"2019-06-27 18:13:41.949387"
"726","1476",11,567,"2019-06-27 19:36:58.740081"
"486","1100",6,530,"2019-06-27 19:27:08.477867"
"247","1592",0,535,NULL
"355","1129",0,576,NULL
"398","908",0,576,NULL
"803","873",0,576,NULL
"352","1114",0,576,NULL
"272","945",0,576,NULL
"604","1626",0,577,NULL
"781","1271",0,576,NULL
"867","1518",1,577,"2019-06-27 18:28:02.202149"
"193","1093",0,576,NULL
"575","1374",0,526,NULL
"887","1358",0,606,NULL
"242","866",0,534,NULL
"876","1284",1,576,"2019-06-27 19:25:29.408375"
"376","1596",0,578,NULL
"434","1663",1,533,"2019-06-27 18:10:37.983678"
"100","1085",0,577,NULL
"534","1222",0,576,NULL
"342","1330",1,576,"2019-06-27 18:54:06.394327"
"311","748",1,559,"2019-06-27 19:06:21.56351"
"176","816",0,576,NULL
"425","1281",0,560,NULL
"305","1309",0,576,NULL
"461","1141",1,576,"2019-06-27 18:22:02.860839"
"441","747",0,576,NULL
"104","1539",0,577,NULL
"795","1487",3,576,"2019-06-27 18:43:38.798682"
"770","1380",0,577,NULL
"870","1028",3,576,"2019-06-27 19:45:17.054919"
"451","932",0,560,NULL
"500","1158",0,576,NULL
"188","855",0,547,NULL
"495","1517",0,577,NULL
"341","1362",0,562,NULL
"784","1313",2,550,"2019-06-27 19:38:42.85156"
"523","1288",0,576,NULL
"350","1473",0,576,NULL
"548","698",0,576,NULL
"464","1189",0,547,NULL
"484","1036",0,559,NULL
"213","1097",0,576,NULL
"324","1434",7,561,"2019-06-27 19:24:42.802088"
"346","1227",7,544,"2019-06-27 19:25:00.437463"
"773","1144",2,547,"2019-06-27 19:15:04.075635"
"815","864",0,576,NULL
"412","1436",0,520,NULL
"293","1671",0,515,NULL
"212","1496",5,560,"2019-06-27 19:36:34.2626"
"547","1657",0,577,NULL
"374","1142",2,498,"2019-06-27 19:02:27.300798"
"482","1467",0,576,NULL
"541","1681",0,577,NULL
"181","793",0,536,NULL
"701","1689",0,561,NULL
"588","972",0,576,NULL
"488","881",0,576,NULL
"569","1098",0,488,NULL
"572","1272",0,576,NULL
"571","801",0,576,NULL
"161","1495",0,576,NULL
"147","1113",0,576,NULL
"476","1078",0,576,NULL
"755","798",26,547,"2019-06-27 19:36:17.764327"
"343","1177",0,559,NULL
"838","967",4,576,"2019-06-27 19:48:06.511966"
"537","1535",0,544,NULL
"151","1641",0,577,NULL
"681","977",7,524,"2019-06-27 19:40:03.271463"
"640","1101",0,576,NULL
"263","1354",0,564,NULL
"357","1522",0,577,NULL
"270","1494",0,516,NULL
"660","909",0,576,NULL
"149","1519",0,577,NULL
"608","937",0,576,NULL
"89","1230",0,577,NULL
"256","1422",0,577,NULL
"624","994",0,550,NULL
"233","739",0,576,NULL
"118","1039",0,577,NULL
"413","1533",0,577,NULL
"800","1449",0,576,NULL
"582","1167",0,559,NULL
"834","803",0,576,NULL
"383","1661",0,577,NULL
"125","1591",0,578,NULL
"522","1251",0,576,NULL
"671","1606",0,577,NULL
"421","764",0,576,NULL
"185","781",1,563,"2019-06-27 19:37:35.910526"
"141","1043",1,577,"2019-06-27 18:36:29.716871"
"163","1504",0,577,NULL
"830","1046",7,576,"2019-06-27 19:33:22.226406"
"290","1546",0,577,NULL
"764","1228",1,576,"2019-06-27 18:26:36.657398"
"787","1203",5,576,"2019-06-27 19:13:25.728982"
"850","825",1,576,"2019-06-27 18:35:18.548739"
"714","981",2,576,"2019-06-27 19:00:53.521171"
"136","1221",0,576,NULL
"542","1368",0,577,NULL
"138","960",0,577,NULL
"209","1231",0,577,NULL
"205","1243",0,576,NULL
"124","1466",0,577,NULL
"99","762",0,576,NULL
"792","1545",3,577,"2019-06-27 19:06:21.56351"
"573","905",1,576,"2019-06-27 19:04:53.932358"
"529","969",0,559,NULL
"273","1140",1,561,"2019-06-27 19:39:16.170412"
"480","1226",0,576,NULL
"458","925",0,576,NULL
"170","955",0,577,NULL
"224","1110",0,576,NULL
"747","1405",0,577,NULL
"106","1570",1,578,"2019-06-27 18:36:29.716871"
"222","1312",0,576,NULL
"447","1585",0,577,NULL
"144","938",0,577,NULL
"556","1032",0,576,NULL
"429","1145",0,536,NULL
"194","704",0,578,NULL
"94","1317",0,577,NULL
"665","982",2,576,"2019-06-27 19:39:30.65067"
"323","1620",1,549,"2019-06-27 18:39:02.306852"
"450","837",0,576,NULL
"137","1331",0,578,NULL
"707","1536",1,577,"2019-06-27 19:11:14.498668"
"394","1095",0,548,NULL
"820","846",4,576,"2019-06-27 19:24:52.285597"
"339","1565",2,606,"2019-06-27 19:10:36.147742"
"231","1241",0,559,NULL
"116","1279",0,577,NULL
"512","1316",0,576,NULL
"460","1529",0,577,NULL
"307","737",0,576,NULL
"154","1315",0,576,NULL
"119","1027",0,577,NULL
"281","976",4,605,"2019-06-27 18:32:21.206577"
"468","966",6,576,"2019-06-27 19:05:31.733496"
"221","895",1,536,"2019-06-27 18:40:54.390956"
"95","1291",0,577,NULL
"217","790",0,559,NULL
"354","1642",0,536,NULL
"526","879",0,576,NULL
"742","1152",7,576,"2019-06-27 19:39:16.170412"
"853","1223",6,576,"2019-06-27 19:20:49.489662"
"842","1370",1,577,"2019-06-27 18:02:28.146967"
"595","1343",0,577,NULL
"207","1369",0,577,NULL
"133","894",0,576,NULL
"153","775",0,577,NULL
"694","1578",0,577,NULL
"748","1117",7,576,"2019-06-27 19:39:30.65067"
"101","1397",0,577,NULL
"435","996",0,534,NULL
"498","1218",0,576,NULL
"725","1617",0,577,NULL
"550","1187",0,576,NULL
"105","1402",0,578,NULL
"455","1082",0,561,NULL
"760","1063",0,576,NULL
"225","1034",0,576,NULL
"513","1597",0,577,NULL
"152","1006",1,577,"2019-06-27 18:22:22.913895"
"443","1639",0,560,NULL
"521","1047",0,576,NULL
"477","814",0,576,NULL
"622","1293",0,576,NULL
"444","1685",7,525,"2019-06-27 19:41:46.759285"
"432","906",2,576,"2019-06-27 18:21:29.48302"
"652","1233",0,576,NULL
"669","1669",0,577,NULL
"348","829",1,576,"2019-06-27 19:39:03.010389"
"586","903",2,541,"2019-06-27 19:36:17.764327"
"520","1011",1,559,"2019-06-27 18:13:41.949387"
"442","1083",0,576,NULL
"626","1419",1,577,"2019-06-27 19:09:07.536965"
"511","956",2,576,"2019-06-27 19:40:52.813847"
"371","1636",0,577,NULL
"545","1359",0,577,NULL
"362","700",0,576,NULL
"531","1084",0,534,NULL
"625","1204",3,576,"2019-06-27 18:47:06.451021"
"753","887",4,576,"2019-06-27 19:32:37.100872"
"789","1549",7,577,"2019-06-27 19:24:00.089926"
"666","1672",9,560,"2019-06-27 19:25:59.054647"
"517","1072",0,576,NULL
"727","1438",5,576,"2019-06-27 18:59:26.235543"
"847","1462",21,574,"2019-06-27 19:48:30.858298"
"735","722",2,576,"2019-06-27 19:28:19.159141"
"592","928",2,576,"2019-06-27 18:31:31.461677"
"740","731",10,576,"2019-06-27 19:45:56.58148"
"617","1569",0,577,NULL
"702","1196",7,576,"2019-06-27 19:26:43.415792"
"710","1024",7,576,"2019-06-27 19:44:45.270903"
"840","1064",1,576,"2019-06-27 18:10:55.903057"
"762","868",18,605,"2019-06-27 19:45:44.240329"
"869","890",14,576,"2019-06-27 19:43:17.696852"
"866","1334",5,577,"2019-06-27 19:32:49.190092"
"568","787",0,576,NULL
"664","749",0,576,NULL
"722","1503",25,576,"2019-06-27 19:48:19.436448"
"872","1664",21,577,"2019-06-27 19:44:32.862746"
"886","989",4,576,"2019-06-27 19:43:56.255478"
"814","696",4,576,"2019-06-27 18:46:53.148034"
"894","1322",27,576,"2019-06-27 19:48:40.322315"
"274","1324",1,576,"2019-06-27 18:32:04.91382"
"306","1252",0,576,NULL
"298","857",1,559,"2019-06-27 18:41:51.573394"
"330","773",0,576,NULL
"794","1385",0,577,NULL
"286","852",0,576,NULL
"313","716",0,576,NULL
"243","1507",0,577,NULL
"448","1184",0,576,NULL
"675","1155",4,576,"2019-06-27 19:47:03.267644"
"310","979",1,576,"2019-06-27 18:24:50.453108"
"489","1122",0,561,NULL
"406","1659",0,577,NULL
"428","1239",0,576,NULL
"389","1662",2,577,"2019-06-27 19:21:15.838882"
"877","1116",65,576,"2019-06-27 19:46:13.014938"
"811","1169",13,576,"2019-06-27 19:44:45.270903"
